[
  {
    "id": 1,
    "name": "Sirius"
  },
  {
    "id": 2,
    "name": "Canopus"
  },
  {
    "id": 3,
    "name": "Rigil"
  },
  {
    "id": 4,
    "name": "Arcturus"
  },
  {
    "id": 5,
    "name": "Vega"
  },
  {
    "id": 6,
    "name": "Capella"
  },
  {
    "id": 7,
    "name": "Rigel"
  },
  {
    "id": 8,
    "name": "Procyon"
  },
  {
    "id": 9,
    "name": "Achernar"
  },
  {
    "id": 10,
    "name": "Betelgeuse"
  },
  {
    "id": 11,
    "name": "Hadar"
  },
  {
    "id": 12,
    "name": "Acrux"
  },
  {
    "id": 13,
    "name": "Altair"
  },
  {
    "id": 14,
    "name": "Aldebaran"
  },
  {
    "id": 15,
    "name": "Antares"
  },
  {
    "id": 16,
    "name": "Spica"
  },
  {
    "id": 17,
    "name": "Pollux"
  },
  {
    "id": 18,
    "name": "Fomalhaut"
  },
  {
    "id": 19,
    "name": "Becrux"
  },
  {
    "id": 20,
    "name": "Deneb"
  },
  {
    "id": 21,
    "name": "Regulus"
  },
  {
    "id": 22,
    "name": "Adhara"
  },
  {
    "id": 23,
    "name": "Castor"
  },
  {
    "id": 24,
    "name": "Gacrux"
  },
  {
    "id": 25,
    "name": "Shaula"
  }
]
 